{"_runtime":3,"confusion_matrix":{"_type":"image-file","sha256":"19825ddc6f086c784203b1981dd7e9b8b01c8805b8b47098c59ece16d4bd68c1","size":92531,"path":"media/images/confusion_matrix_0_19825ddc6f086c784203.png","format":"png","width":1000,"height":1000},"_timestamp":1.770900774349602e+09,"_step":0,"AUC":0.9483739355814053,"_wandb":{"runtime":3}}