{"confusion_matrix":{"width":1000,"height":1000,"_type":"image-file","sha256":"19825ddc6f086c784203b1981dd7e9b8b01c8805b8b47098c59ece16d4bd68c1","size":92531,"path":"media/images/confusion_matrix_0_19825ddc6f086c784203.png","format":"png"},"_timestamp":1.770900048806669e+09,"AUC":0.9483739355814053,"_wandb":{"runtime":2},"_runtime":2,"_step":0}